H, Janel Yap, 79, 13
C, Bryan Thai, 8048, 89
H, Justin Hover, 59, 24
H, Daniel Sosa-Cobo, 61, 32
H, Emmanuel Gutierrez, 37, 19
C, Jiayuan Fu, 2606, 62
C, Xinhai Leng, 8189, 39
H, Alex Sun, 85, 16
S, Sicong Shen, 35936, 10
H, Yuzi Chu, 3, 43
H, Reyna Yang, 28, 31
C, Bella Coles, 1525, 13
S, Shimika Basuroy, 127773, 46
S, Cole Franklin, 60714, 8
H, Carolyn Yatco, 72, 37
H, Kristy Lee, 4, 39
H, Gaomingyu Fan, 77, 34
C, Ziniu Lu, 5127, 40
C, Rongzhe Zhao, 6469, 91
C, Rosy Xu, 4739, 1
C, Shichenhao Hu, 991, 96
S, Michael Tedjo, 162795, 13
S, Chaewon Heo, 185483, 52
H, Kaitlyn Jones, 79, 44
H, Martyna Marcinkowska, 27, 32
C, Derek Wadsworth, 72, 53
H, Yacun Wang, 47, 28
C, Feifan Li, 4638, 21
H, Ke Xu, 90, 15
C, Andrew Ballas, 5427, 12
H, Nathan Tang, 6, 32
H, Nathalie Nguyen, 6, 36
S, Claire Chen, 32354, 31
H, Jiyan Liu, 37, 30
S, Diana Chong, 129343, 5
C, Katie Chen, 1461, 39
H, Jingqiao Lei, 77, 22
H, Shalom Chen, 61, 13
C, Ryan Chu, 6398, 55
H, Jeremiah Hartman, 47, 32
S, Pablo Cortez, 145760, 11
S, Kasey Chen, 185441, 44
H, Marine Sanosyan, 42, 46
C, Katie Prinkey, 5870, 70
H, Maxim Borsch, 60, 39
S, Carolina Parra, 51251, 7
S, Brooke Hollister, 164712, 32
S, Eric Igarashi-Cardenas, 64654, 12
H, Julian Vargas, 25, 41
H, Hao Yuan, 4, 19
C, Ling Jin, 4842, 86
C, Zhuoran Li, 7903, 26
S, Zihao Chen, 114569, 46
H, Jordan Kawar, 16, 23
H, Brandon Born, 12, 35
C, Shruti Shirsathe, 8965, 50
H, Zhaoyang Jia, 6, 28
S, Ryan Swartz, 135840, 17
H, Michael Urdahl, 74, 29
S, Priyanka Nagasamudra, 121152, 9
H, Joshua Garcia, 80, 29
H, Juan Sandoval, 37, 24
H, James Gaxiola, 8, 23
H, Abel Vargas, 90, 39
S, Hieu Ho, 135267, 39
H, Alex Dang, 17, 25
H, Qi An, 69, 44
H, Hongyi Yang, 57, 19
S, Andrew Cen, 73818, 37
S, Kevin Estrada-Garcia, 59422, 38
C, Chenrui Wu, 7817, 31
S, Farnia Nafarifard, 155424, 39
S, Yuxin Lin, 37377, 40
S, Haoyue Li, 125061, 51
C, Ziheng Huang, 6917, 82
H, Yumei Feng, 57, 38
S, Yilin Zhu, 88704, 2
C, Zeyu Chen, 1893, 77
S, Shreenithi Navaneethan, 32853, 36
C, Raymond Ibrahim, 5428, 62
S, Rosalind Moore, 40896, 47
H, Taurean Zhang, 30, 34
H, Truong Pham, 41, 47
C, Timothy Hsiao, 7865, 49
S, Justin Nwanagu, 72186, 32
H, Aimee Vuong, 50, 25
C, Duy Pham, 8773, 25
C, Stacy Menendez, 6712, 67
H, Jennifer Trinh, 88, 33
H, John Palicki, 14, 37
C, Peter Hattendorf, 9601, 75
S, Ethan Chen, 158033, 44
H, Audrey Yeh, 52, 31
C, Paulo Jauregui, 1791, 28
H, Chengrui Liu, 61, 23
C, Raphael Opena, 4122, 52
S, Michael Phung, 40861, 8
S, Fernando Anguiano, 178888, 18
S, Nicholas Yousefi, 165624, 34
C, Tanish Alur, 7556, 75
